Workbook

Sheet Assumptions
A1: Lab Cost Model – Assumptions
A3: Assumption | B3: Value | C3: Unit / Option | D3: Notes
A4: Training title | B4: AWS AI | C4: Text | D4: Client-facing title
A5: Cloud provider | B5: AWS | C5: AWS / Azure / GCP | D5: Select provider
A6: Region | B6: Mumbai | C6: Mumbai / Central India / GCP Mumbai | D6: Select matching region
A7: Hours per day | B7: 3 | C7: hours | D7: Lab runtime per training day
A8: Training days | B8: 30 | C8: days | D8: Total training days
A9: Participants | B9: 20 | C9: people | D9: Number of learners
A10: Storage GB | B10: 10 | C10: GB | D10: Object storage requirement
A11: Data egress GB | B11: 1 | C11: GB | D11: Estimated outbound transfer
A12: Build minutes | B12: 60 | C12: minutes | D12: CI/CD runner usage
A13: Monitoring GB | B13: 1 | C13: GB | D13: Monitoring/log ingestion
A14: Kubernetes worker nodes | B14: 1 | C14: nodes | D14: Worker count when Kubernetes is used
A15: USD-to-INR rate | B15: 84 | C15: INR/USD | D15: Update with current conversion rate
A16: Contingency percentage | B16: 0.1 | C16: % | D16: Risk buffer
A17: GST percentage | B17: 0.18 | C17: % | D17: India GST assumption
A18: Package | B18: Standard | C18: Basic / Standard / Advanced | D18: Controls support pricing
A19: Quote validity | B19: 7 | C19: days | D19: Validity from quote date
A20: Disk GB per VM / worker node | B20: 20 | C20: GB | D20: Explicit sizing assumption; replace with lab-template node sizing when supplied
A21: Applied support rate (INR / participant-day) | B21: =IF(B23="Basic",B24,IF(B23="Standard",B25,B26)) | C21: INR / participant-day | D21: Formula selects the applied support tier; total scales with participants and training days
A22: Advanced support threshold | B22: 400 | C22: participant-days | D22: At or above this engagement size, Standard is automatically quoted as Advanced support
A23: Applied support tier | B23: =IF(B9*B8>=B22,"Advanced",B18) | C23: tier | D23: Uses participant count × training days
A24: Basic support rate | B24: 0 | C24: INR / participant-day | D24: Editable commercial rate
A25: Standard support rate | B25: 0 | C25: INR / participant-day | D25: Editable commercial rate
A26: Advanced support rate | B26: 0 | C26: INR / participant-day | D26: Editable commercial rate
A27: VM profile pricing status | B27: Template fallback — approval blocked | C27: 2026-09-06 | D27: Enter vm_profile_rates and vm_profile_sources with current provider URLs before final client approval

Sheet Rate Card
A1: Rate Card – Editable Provider Pricing
A3: Provider | B3: Region | C3: Resource | D3: Billing unit | E3: USD rate | F3: INR rate | G3: Source URL | H3: Last verified date
A4: AWS | B4: Mumbai | C4: VM | D4: per hour | E4: 0.05 | F4: =E4*'Assumptions'!$B$15 | G4: https://aws.amazon.com/ec2/pricing/ | H4: 2026-09-03
A5: AWS | B5: Mumbai | C5: Kubernetes control plane | D5: per cluster-hour | E5: 0.1 | F5: =E5*'Assumptions'!$B$15 | G5: https://aws.amazon.com/eks/pricing/ | H5: 2026-09-03
A6: AWS | B6: Mumbai | C6: Kubernetes worker | D6: per VM-hour | E6: 0.05 | F6: =E6*'Assumptions'!$B$15 | G6: https://aws.amazon.com/ec2/pricing/ | H6: 2026-09-03
A7: AWS | B7: Mumbai | C7: Disk | D7: GB-month | E7: 0.08 | F7: =E7*'Assumptions'!$B$15 | G7: https://aws.amazon.com/ebs/pricing/ | H7: 2026-09-03
A8: AWS | B8: Mumbai | C8: Storage | D8: GB-month | E8: 0.023 | F8: =E8*'Assumptions'!$B$15 | G8: https://aws.amazon.com/s3/pricing/ | H8: 2026-09-03
A9: AWS | B9: Mumbai | C9: Egress | D9: per GB | E9: 0.09 | F9: =E9*'Assumptions'!$B$15 | G9: https://aws.amazon.com/ec2/pricing/on-demand/#Data_Transfer | H9: 2026-09-03
A10: AWS | B10: Mumbai | C10: Build runner | D10: per build minute | E10: 0.008 | F10: =E10*'Assumptions'!$B$15 | G10: https://aws.amazon.com/codebuild/pricing/ | H10: 2026-09-03
A11: AWS | B11: Mumbai | C11: Managed database | D11: per hour | E11: 0.08 | F11: =E11*'Assumptions'!$B$15 | G11: https://aws.amazon.com/rds/pricing/ | H11: 2026-09-03
A12: AWS | B12: Mumbai | C12: Monitoring | D12: per GB | E12: 0.5 | F12: =E12*'Assumptions'!$B$15 | G12: https://aws.amazon.com/cloudwatch/pricing/ | H12: 2026-09-03
A13: Azure | B13: Central India | C13: VM | D13: per hour | E13: 0.055 | F13: =E13*'Assumptions'!$B$15 | G13: https://azure.microsoft.com/pricing/details/virtual-machines/ | H13: 2026-09-03
A14: Azure | B14: Central India | C14: Kubernetes control plane | D14: per cluster-hour | E14: 0.1 | F14: =E14*'Assumptions'!$B$15 | G14: https://azure.microsoft.com/pricing/details/kubernetes-service/ | H14: 2026-09-03
A15: Azure | B15: Central India | C15: Kubernetes worker | D15: per VM-hour | E15: 0.055 | F15: =E15*'Assumptions'!$B$15 | G15: https://azure.microsoft.com/pricing/details/virtual-machines/ | H15: 2026-09-03
... A32: AWS | B32: Mumbai | C32: VM Heavy | D32: per hour | E32: 0.05 | F32: =E32*'Assumptions'!$B$15 | G32: https://aws.amazon.com/ec2/pricing/ | H32: 2026-09-06

Sheet TOC Mapping
A1: Training TOC → Infrastructure Mapping
A3: Day | B3: Training topic | C3: VM qty | D3: VM profile | E3: K8s control plane | F3: K8s worker nodes | G3: Managed DB | H3: Object storage | I3: Active days
A4: 1 | B4: AWS Fundamentals | C4: 0 | D4: None | E4: 0 | F4: 0 | G4: 0 | H4: 0 | I4: 1
A5: 2 | B5: AWS Fundamentals - Part 2 | C5: 0 | D5: None | E5: 0 | F5: 0 | G5: 0 | H5: 0 | I5: 1
A6: 3 | B6: AWS AI Services Overview | C6: 0 | D6: None | E6: 0 | F6: 0 | G6: 0 | H6: 0 | I6: 1
A7: 4 | B7: AWS AI Services Overview - Part 2 | C7: 0 | D7: None | E7: 0 | F7: 0 | G7: 0 | H7: 0 | I7: 1
A8: 5 | B8: Amazon SageMaker Basics | C8: 0 | D8: None | E8: 0 | F8: 0 | G8: 0 | H8: 0 | I8: 1
A9: 6 | B9: Amazon SageMaker Basics - Part 2 | C9: 0 | D9: None | E9: 0 | F9: 0 | G9: 0 | H9: 0 | I9: 1
A10: 7 | B10: SageMaker Model Development | C10: 0 | D10: None | E10: 0 | F10: 0 | G10: 0 | H10: 0 | I10: 1
A11: 8 | B11: SageMaker Model Development - Part 2 | C11: 0 | D11: None | E11: 0 | F11: 0 | G11: 0 | H11: 0 | I11: 1
A12: 9 | B12: SageMaker Deployment | C12: 0 | D12: None | E12: 0 | F12: 0 | G12: 0 | H12: 0 | I12: 1
A13: 10 | B13: SageMaker Deployment - Part 2 | C13: 0 | D13: None | E13: 0 | F13: 0 | G13: 0 | H13: 0 | I13: 1
A14: 11 | B14: Amazon Rekognition | C14: 0 | D14: None | E14: 0 | F14: 0 | G14: 0 | H14: 0 | I14: 1
A15: 12 | B15: Amazon Rekognition - Part 2 | C15: 0 | D15: None | E15: 0 | F15: 0 | G15: 0 | H15: 0 | I15: 1
... A33: 30 | B33: Capstone Project - Part 2 + Certification Roadmap | C33: 0 | D33: None | E33: 0 | F33: 0 | G33: 0 | H33: 0 | I33: 1
A35: Mapping note
A36: Use this sheet to map every training day to the infrastructure it needs. Resource Cost Breakdown calculates each resource with its own billing unit; do not force a single generic cost formula across VM, storage, egress, build, or Kubernetes. VM Light and Heavy rows are billed separately from the Rate Card; active days prevent multi-day labs from being under-counted.

Sheet Resource Cost Breakdown
A1: Resource Cost Breakdown – Billing-Unit Based
A3: Resource | B3: Quantity | C3: Billing unit | D3: Rate (INR) | E3: Usage driver | F3: Days / Hours | G3: Formula basis | H3: Total (INR) | I3: Provider | J3: Region
A4: VM (profiled) | B4: =SUMPRODUCT('TOC Mapping'!$C$4:$C$33,'TOC Mapping'!$I$4:$I$33) | C4: per hour | D4: =SUMIFS('Rate Card'!$F$4:$F$30,'Rate Card'!$A$4:$A$30,I4,'Rate Card'!$B$4:$B$30,J4,'Rate Card'!$C$4:$C$30,A4) | E4: runtime hours | F4: ='Assumptions'!$B$7 | G4: Light/Heavy VM-days × respective rate × Hours/day | H4: =(SUMPRODUCT('TOC Mapping'!$C$4:$C$33,'TOC Mapping'!$I$4:$I$33,--('TOC Mapping'!$D$4:$D$33="Light"))*'Rate Card'!$F$31+SUMPRODUCT('TOC Mapping'!$C$4:$C$33,'TOC Mapping'!$I$4:$I$33,--('TOC Mapping'!$D$4:$D$33="Heavy"))*'Rate Card'!$F$32)*'Assumptions'!$B$7 | I4: =Assumptions!$B$5 | J4: =Assumptions!$B$6
A5: Kubernetes control plane | B5: =SUMPRODUCT('TOC Mapping'!$E$4:$E$33,'TOC Mapping'!$I$4:$I$33) | C5: per cluster-hour | D5: =SUMIFS('Rate Card'!$F$4:$F$30,'Rate Card'!$A$4:$A$30,I5,'Rate Card'!$B$4:$B$30,J5,'Rate Card'!$C$4:$C$30,A5) | E5: runtime hours | F5: ='Assumptions'!$B$7 | G5: Resource-days × Rate × Hours/day | H5: =B5*D5*F5 | I5: =Assumptions!$B$5 | J5: =Assumptions!$B$6
A6: Kubernetes worker | B6: =SUMPRODUCT('TOC Mapping'!$F$4:$F$33,'TOC Mapping'!$I$4:$I$33) | C6: per VM-hour | D6: =SUMIFS('Rate Card'!$F$4:$F$30,'Rate Card'!$A$4:$A$30,I6,'Rate Card'!$B$4:$B$30,J6,'Rate Card'!$C$4:$C$30,A6) | E6: runtime hours | F6: ='Assumptions'!$B$7 | G6: Resource-days × Rate × Hours/day | H6: =B6*D6*F6 | I6: =Assumptions!$B$5 | J6: =Assumptions!$B$6
A7: Disk | B7: =SUMPRODUCT(('TOC Mapping'!$C$4:$C$33+'TOC Mapping'!$F$4:$F$33),'TOC Mapping'!$I$4:$I$33)*'Assumptions'!$B$20 | C7: GB-month | D7: =SUMIFS('Rate Card'!$F$4:$F$30,'Rate Card'!$A$4:$A$30,I7,'Rate Card'!$B$4:$B$30,J7,'Rate Card'!$C$4:$C$30,A7) | E7: prorated days | F7: 1 | G7: GB-node-days × monthly rate / 30 | H7: =B7*D7/30 | I7: =Assumptions!$B$5 | J7: =Assumptions!$B$6
A8: Storage | B8: =SUMPRODUCT('TOC Mapping'!$H$4:$H$33,'TOC Mapping'!$I$4:$I$33) | C8: GB-month | D8: =SUMIFS('Rate Card'!$F$4:$F$30,'Rate Card'!$A$4:$A$30,I8,'Rate Card'!$B$4:$B$30,J8,'Rate Card'!$C$4:$C$30,A8) | E8: prorated days | F8: 1 | G8: GB-days × monthly rate / 30 | H8: =B8*D8/30 | I8: =Assumptions!$B$5 | J8: =Assumptions!$B$6
A9: Egress | B9: =Assumptions!B11 | C9: per GB | D9: =SUMIFS('Rate Card'!$F$4:$F$30,'Rate Card'!$A$4:$A$30,I9,'Rate Card'!$B$4:$B$30,J9,'Rate Card'!$C$4:$C$30,A9) | E9: one-time | F9: 1 | G9: GB × Rate | H9: =B9*D9 | I9: =Assumptions!$B$5 | J9: =Assumptions!$B$6
A10: Build runner | B10: =Assumptions!B12 | C10: per build minute | D10: =SUMIFS('Rate Card'!$F$4:$F$30,'Rate Card'!$A$4:$A$30,I10,'Rate Card'!$B$4:$B$30,J10,'Rate Card'!$C$4:$C$30,A10) | E10: one-time | F10: 1 | G10: Minutes × Rate | H10: =B10*D10 | I10: =Assumptions!$B$5 | J10: =Assumptions!$B$6
A11: Managed database | B11: =SUMPRODUCT('TOC Mapping'!$G$4:$G$33,'TOC Mapping'!$I$4:$I$33) | C11: per hour | D11: =SUMIFS('Rate Card'!$F$4:$F$30,'Rate Card'!$A$4:$A$30,I11,'Rate Card'!$B$4:$B$30,J11,'Rate Card'!$C$4:$C$30,A11) | E11: runtime hours | F11: ='Assumptions'!$B$7 | G11: Resource-days × Rate × Hours/day | H11: =B11*D11*F11 | I11: =Assumptions!$B$5 | J11: =Assumptions!$B$6
A12: Monitoring | B12: =Assumptions!B13 | C12: per GB | D12: =SUMIFS('Rate Card'!$F$4:$F$30,'Rate Card'!$A$4:$A$30,I12,'Rate Card'!$B$4:$B$30,J12,'Rate Card'!$C$4:$C$30,A12) | E12: one-time | F12: 1 | G12: GB × Rate | H12: =B12*D12 | I12: =Assumptions!$B$5 | J12: =Assumptions!$B$6
A14: Total Infrastructure Cost | H14: =SUM(H4:H12)

Sheet Client Estimate
A1: Client Lab Cost Estimate
A3: CLIENT QUOTE SUMMARY
A4: Training title | B4: =Assumptions!B4
A5: Cloud provider and region | B5: =Assumptions!B5&" – "&Assumptions!B6
A6: Number of participants | B6: =Assumptions!B9
A7: Training days and hours/day | B7: =Assumptions!B8&" days × "&Assumptions!B7&" hours/day"
A8: Infrastructure cost | B8: ='Resource Cost Breakdown'!H14
A9: Support cost | B9: ='Assumptions'!B21*'Assumptions'!B9*'Assumptions'!B8
A10: Contingency | B10: =(B8+B9)*Assumptions!B16
A11: Tax / GST | B11: =(B8+B9+B10)*Assumptions!B17
A12: Final estimated cost | B12: =B8+B9+B10+B11
A13: Cost per participant | B13: =B12/Assumptions!B9
A14: Quote validity | B14: =Assumptions!B19&" days from quote date"
A16: Estimate notes
A17: Infrastructure is calculated from per-day resource counts, active days, VM profile rates, and storage/node sizing. India GST defaults to 18%. VM profile rate rows marked as template fallback must be replaced with a current provider SKU rate and URL before client approval.
