Workbook

Sheet Lab Plan
A1: Training lab plan and cost estimate
A2: Training | B2: ='Assumptions'!B4
A3: Setup | B3: ='Assumptions'!B5&" / "&'Assumptions'!B6&" | "&'Assumptions'!B9&" participants | "&'Assumptions'!B7&" lab hours/day | INR"
A4: Estimate status | B4: Incomplete estimate - Verified cloud rates and FX; unresolved: local hardware/electricity, required licenses
A6: Day | B6: Topic | C6: Practical Lab | D6: Resources | E6: Qty (total) | F6: Hours | G6: Estimated Cost (INR)
A7: 1 | B7: ='TOC Mapping'!B4&CHAR(10)&"Setup: "&IF(SUM('TOC Mapping'!C4,'TOC Mapping'!E4:H4)=0,"Setup unconfirmed - no cloud resources",IF('TOC Mapping'!C4='Assumptions'!$B$9,IF(SUM('TOC Mapping'!E4:H4)>0,"Individual + shared (assumed)","Individual (assumed)"),"Shared (assumed)")) | C7: Practice shell commands and file permissions | D7: =IF(SUM('TOC Mapping'!C4,'TOC Mapping'!E4:H4)=0,"No mapped cloud resources",IF('TOC Mapping'!C4>0,IF('TOC Mapping'!D4="Heavy","Heavy VM / SKU unconfirmed / vCPU unconfirmed / RAM unconfirmed","Light VM / SKU unconfirmed / vCPU unconfirmed / RAM unconfirmed")&CHAR(10),"")&IF('TOC Mapping'!E4>0,"Kubernetes control plane"&CHAR(10),"")&IF('TOC Mapping'!F4>0,"Kubernetes workers"&CHAR(10),"")&IF('TOC Mapping'!G4>0,"Managed database"&CHAR(10),"")&IF('TOC Mapping'!H4>0,"Object storage"&CHAR(10),"")&IF(('TOC Mapping'!C4+'TOC Mapping'!F4)>0,"Attached disks","")) | E7: =IF(SUM('TOC Mapping'!C4,'TOC Mapping'!E4:H4)=0,"None mapped",IF('TOC Mapping'!C4>0,'TOC Mapping'!C4&" VMs"&CHAR(10),"")&IF('TOC Mapping'!E4>0,'TOC Mapping'!E4&" clusters"&CHAR(10),"")&IF('TOC Mapping'!F4>0,'TOC Mapping'!F4&" nodes"&CHAR(10),"")&IF('TOC Mapping'!G4>0,'TOC Mapping'!G4&" instances"&CHAR(10),"")&IF('TOC Mapping'!H4>0,'TOC Mapping'!H4&" GB"&CHAR(10),"")&IF(('TOC Mapping'!C4+'TOC Mapping'!F4)>0,('TOC Mapping'!C4+'TOC Mapping'!F4)*'Assumptions'!$B$20&" GB","")) | F7: ='TOC Mapping'!I4*'Assumptions'!$B$7 | G7: =('TOC Mapping'!C4*IF('TOC Mapping'!D4="Heavy",'Rate Card'!$F$32,'Rate Card'!$F$31)+'TOC Mapping'!E4*'Resource Cost Breakdown'!$D$5+'TOC Mapping'!F4*'Resource Cost Breakdown'!$D$6+'TOC Mapping'!G4*'Resource Cost Breakdown'!$D$11)*F7+(('TOC Mapping'!C4+'TOC Mapping'!F4)*'Assumptions'!$B$20*'Resource Cost Breakdown'!$D$7+'TOC Mapping'!H4*'Resource Cost Breakdown'!$D$8)*'TOC Mapping'!I4/30
A8: 2-3 | B8: ='TOC Mapping'!B5&CHAR(10)&"Setup: "&IF(SUM('TOC Mapping'!C5,'TOC Mapping'!E5:H5)=0,"Setup unconfirmed - no cloud resources",IF('TOC Mapping'!C5='Assumptions'!$B$9,IF(SUM('TOC Mapping'!E5:H5)>0,"Individual + shared (assumed)","Individual (assumed)"),"Shared (assumed)")) | C8: Deploy and troubleshoot a sample service | D8: =IF(SUM('TOC Mapping'!C5,'TOC Mapping'!E5:H5)=0,"No mapped cloud resources",IF('TOC Mapping'!C5>0,IF('TOC Mapping'!D5="Heavy","Heavy VM / SKU unconfirmed / vCPU unconfirmed / RAM unconfirmed","Light VM / SKU unconfirmed / vCPU unconfirmed / RAM unconfirmed")&CHAR(10),"")&IF('TOC Mapping'!E5>0,"Kubernetes control plane"&CHAR(10),"")&IF('TOC Mapping'!F5>0,"Kubernetes workers"&CHAR(10),"")&IF('TOC Mapping'!G5>0,"Managed database"&CHAR(10),"")&IF('TOC Mapping'!H5>0,"Object storage"&CHAR(10),"")&IF(('TOC Mapping'!C5+'TOC Mapping'!F5)>0,"Attached disks","")) | E8: =IF(SUM('TOC Mapping'!C5,'TOC Mapping'!E5:H5)=0,"None mapped",IF('TOC Mapping'!C5>0,'TOC Mapping'!C5&" VMs"&CHAR(10),"")&IF('TOC Mapping'!E5>0,'TOC Mapping'!E5&" clusters"&CHAR(10),"")&IF('TOC Mapping'!F5>0,'TOC Mapping'!F5&" nodes"&CHAR(10),"")&IF('TOC Mapping'!G5>0,'TOC Mapping'!G5&" instances"&CHAR(10),"")&IF('TOC Mapping'!H5>0,'TOC Mapping'!H5&" GB"&CHAR(10),"")&IF(('TOC Mapping'!C5+'TOC Mapping'!F5)>0,('TOC Mapping'!C5+'TOC Mapping'!F5)*'Assumptions'!$B$20&" GB","")) | F8: ='TOC Mapping'!I5*'Assumptions'!$B$7 | G8: =('TOC Mapping'!C5*IF('TOC Mapping'!D5="Heavy",'Rate Card'!$F$32,'Rate Card'!$F$31)+'TOC Mapping'!E5*'Resource Cost Breakdown'!$D$5+'TOC Mapping'!F5*'Resource Cost Breakdown'!$D$6+'TOC Mapping'!G5*'Resource Cost Breakdown'!$D$11)*F8+(('TOC Mapping'!C5+'TOC Mapping'!F5)*'Assumptions'!$B$20*'Resource Cost Breakdown'!$D$7+'TOC Mapping'!H5*'Resource Cost Breakdown'!$D$8)*'TOC Mapping'!I5/30
A9: 4 | B9: ='TOC Mapping'!B6&CHAR(10)&"Setup: "&IF(SUM('TOC Mapping'!C6,'TOC Mapping'!E6:H6)=0,"Setup unconfirmed - no cloud resources",IF('TOC Mapping'!C6='Assumptions'!$B$9,IF(SUM('TOC Mapping'!E6:H6)>0,"Individual + shared (assumed)","Individual (assumed)"),"Shared (assumed)")) | C9: =1+1 | D9: =IF(SUM('TOC Mapping'!C6,'TOC Mapping'!E6:H6)=0,"No mapped cloud resources",IF('TOC Mapping'!C6>0,IF('TOC Mapping'!D6="Heavy","Heavy VM / SKU unconfirmed / vCPU unconfirmed / RAM unconfirmed","Light VM / SKU unconfirmed / vCPU unconfirmed / RAM unconfirmed")&CHAR(10),"")&IF('TOC Mapping'!E6>0,"Kubernetes control plane"&CHAR(10),"")&IF('TOC Mapping'!F6>0,"Kubernetes workers"&CHAR(10),"")&IF('TOC Mapping'!G6>0,"Managed database"&CHAR(10),"")&IF('TOC Mapping'!H6>0,"Object storage"&CHAR(10),"")&IF(('TOC Mapping'!C6+'TOC Mapping'!F6)>0,"Attached disks","")) | E9: =IF(SUM('TOC Mapping'!C6,'TOC Mapping'!E6:H6)=0,"None mapped",IF('TOC Mapping'!C6>0,'TOC Mapping'!C6&" VMs"&CHAR(10),"")&IF('TOC Mapping'!E6>0,'TOC Mapping'!E6&" clusters"&CHAR(10),"")&IF('TOC Mapping'!F6>0,'TOC Mapping'!F6&" nodes"&CHAR(10),"")&IF('TOC Mapping'!G6>0,'TOC Mapping'!G6&" instances"&CHAR(10),"")&IF('TOC Mapping'!H6>0,'TOC Mapping'!H6&" GB"&CHAR(10),"")&IF(('TOC Mapping'!C6+'TOC Mapping'!F6)>0,('TOC Mapping'!C6+'TOC Mapping'!F6)*'Assumptions'!$B$20&" GB","")) | F9: ='TOC Mapping'!I6*'Assumptions'!$B$7 | G9: =('TOC Mapping'!C6*IF('TOC Mapping'!D6="Heavy",'Rate Card'!$F$32,'Rate Card'!$F$31)+'TOC Mapping'!E6*'Resource Cost Breakdown'!$D$5+'TOC Mapping'!F6*'Resource Cost Breakdown'!$D$6+'TOC Mapping'!G6*'Resource Cost Breakdown'!$D$11)*F9+(('TOC Mapping'!C6+'TOC Mapping'!F6)*'Assumptions'!$B$20*'Resource Cost Breakdown'!$D$7+'TOC Mapping'!H6*'Resource Cost Breakdown'!$D$8)*'TOC Mapping'!I6/30
A10: Day-wise cloud infrastructure subtotal | G10: =SUM(G7:G9)
A11: Shared course usage: egress, build runner, monitoring | G11: =SUM('Resource Cost Breakdown'!H9:H10)+'Resource Cost Breakdown'!H12
A13: Cost summary
A14: Cloud infrastructure cost | G14: ='Client Estimate'!B8
A15: Support | G15: ='Client Estimate'!B9
A16: Contingency | G16: ='Client Estimate'!B10
A17: Tax / GST | G17: ='Client Estimate'!B11
A18: Service adjustment | G18: ='Client Estimate'!B12-SUM('Client Estimate'!B8:B11)
A19: Priced lab subtotal - incomplete estimate | G19: ='Client Estimate'!B12
A20: Priced subtotal per participant | G20: ='Client Estimate'!B13
A21: Local / licenses | B21: Unverified / excluded: local hardware/electricity, required licenses. All-in total is incomplete.
A23: Key assumptions and pricing sources
A24: Resource setup | B24: Quantities are total provisioned resources from TOC Mapping; confirm individual versus shared setup.
A25: Billing | B25: Hours are per-resource lab runtime for each TOC entry. Disks and object storage accrue for active days, prorated over 30 days. Extra idle runtime and retention beyond active days are excluded; confirm shutdown/deletion.
A26: Cost basis | B26: Daily costs show cloud infrastructure only. Course-wide egress, build and monitoring are charged once in the separate shared-usage row. Support, contingency, tax and the existing service adjustment appear in the summary.
A27: Applied assumptions | B27: ="Contingency: "&TEXT('Assumptions'!B16,"0.0%")&"; tax: "&TEXT('Assumptions'!B17,"0.0%")&". Review configured/default percentages and support before approval."
A28: Excluded costs | B28: Unmapped services, local hardware, electricity and unpriced licenses are excluded. A complete all-in total requires these costs or confirmation that they are already covered.
A29: Provider sources | B29: https://example.com/test-only
A30: Verified at (UTC) | B30: 2026-09-21T00:00:00+00:00
A31: FX source / date | B31: https://example.com/test-only-fx | 2026-09-21
A32: Audit detail | B32: Resource rates, units and sources: Rate Card and Live Price Check (when present). Editable quantities: TOC Mapping. Calculations: Resource Cost Breakdown and Client Estimate.

Sheet Assumptions
A1: Lab Cost Model – Assumptions
A3: Assumption | B3: Value | C3: Unit / Option | D3: Notes
A4: Training title | B4: TEST FIXTURE - NOT A CLIENT QUOTE | C4: Text | D4: Client-facing title
A5: Cloud provider | B5: Azure | C5: AWS / Azure / GCP | D5: Select provider
A6: Region | B6: Central India | C6: Mumbai / Central India / GCP Mumbai | D6: Select matching region
A7: Hours per day | B7: 3 | C7: hours | D7: Lab runtime per training day
A8: Training days | B8: 4 | C8: days | D8: Total training days
A9: Participants | B9: 10 | C9: people | D9: Number of learners
A10: Storage GB | B10: 10 | C10: GB | D10: Object storage requirement
A11: Data egress GB | B11: 1 | C11: GB | D11: Estimated outbound transfer
A12: Build minutes | B12: 60 | C12: minutes | D12: CI/CD runner usage
A13: Monitoring GB | B13: 1 | C13: GB | D13: Monitoring/log ingestion
A14: Kubernetes worker nodes | B14: 1 | C14: nodes | D14: Worker count when Kubernetes is used
A15: USD-to-INR rate | B15: 90 | C15: INR/USD | D15: Update with current conversion rate
A16: Contingency percentage | B16: 0.1 | C16: % | D16: Risk buffer
A17: GST percentage | B17: 0.18 | C17: % | D17: India GST assumption
A18: Package | B18: Standard | C18: Basic / Standard / Advanced | D18: Controls support pricing
A19: Quote validity | B19: 7 | C19: days | D19: Validity from quote date
A20: Disk GB per VM / worker node | B20: 20 | C20: GB | D20: Explicit sizing assumption; replace with lab-template node sizing when supplied
A21: Applied support rate (INR / participant-day) | B21: =IF(B23="Basic",B24,IF(B23="Standard",B25,B26)) | C21: INR / participant-day | D21: Formula selects the applied support tier; total scales with participants and training days
A22: Advanced support threshold | B22: 400 | C22: participant-days | D22: At or above this engagement size, Standard is automatically quoted as Advanced support
A23: Applied support tier | B23: =IF(AND(B18="Standard",B9*B8>=B22),"Advanced",B18) | C23: tier | D23: Uses participant count × training days
A24: Basic support rate | B24: 0 | C24: INR / participant-day | D24: Editable commercial rate
A25: Standard support rate | B25: 0 | C25: INR / participant-day | D25: Editable commercial rate
A26: Advanced support rate | B26: 0 | C26: INR / participant-day | D26: Editable commercial rate
A27: VM profile pricing status | B27: Live profile rates supplied | C27: 2026-09-21 | D27: Enter vm_profile_rates and vm_profile_sources with current provider URLs before final client approval
A28: Rate snapshot ID | B28: synthetic-test-fixture | C28: audit ID | D28: Use this ID to retrieve the rate snapshot and calculation record
A29: Pricing status | B29: provider_api_verified_public_retail | C29: status | D29: Live SKU rates and official source URLs are required before final client approval
A30: FX attribution | B30: Not supplied | C30: URL | D30: Exchange-rate data provider
A31: USD/INR source | B31: https://example.com/test-only-fx | C31: URL | D31: Published exchange-rate source
A32: USD/INR observation date | B32: 2026-09-21 | C32: date | D32: Provider observation date
A33: USD/INR checked at | B33: Not supplied | C33: timestamp | D33: Lookup for this quote
A34: Rate source | B34: https://example.com/test-only | C34: URL | D34: Official provider pricing page or approved pricing-export URL
A35: Rates checked at (UTC) | B35: 2026-09-21T00:00:00+00:00 | C35: timestamp | D35: Rate snapshot timestamp
A36: Quote valid until (UTC) | B36: Not recorded | C36: timestamp | D36: Recalculate from current rates after this time
A37: Price-change review threshold | B37: 5 | C37: % | D37: Escalate for review when refreshed pricing changes beyond this threshold
A38: Lab architecture | B38: Caller-supplied per-day resource mapping | C38: assumption | D38: Quantities are total resources; learner VMs scale with participants, shared services do not
A39: FX status | B39: Published rate fetched for quote | C39: status | D39: Latest published observation; see FX date and source
A40: Support pricing status | B40: Unconfigured / zero charge | C40: status | D40: No support price is invented. Confirm the applied tier rate before client approval
A41: Quote approval status | B41: Draft — commercial review required | C41: status | D41: Provider verification covers selected resource rates only; confirm architecture, access hours, support, FX, taxes and exclusions

Sheet Rate Card
A1: Rate Card – Editable Provider Pricing
A3: Provider | B3: Region | C3: Resource | D3: Billing unit | E3: USD rate | F3: INR rate | G3: Source URL | H3: Last verified date
A4: AWS | B4: Mumbai | C4: VM | D4: per hour | G4: https://aws.amazon.com/ec2/pricing/ | H4: Not priced for this quote
A5: AWS | B5: Mumbai | C5: Kubernetes control plane | D5: per cluster-hour | G5: https://aws.amazon.com/eks/pricing/ | H5: Not priced for this quote
A6: AWS | B6: Mumbai | C6: Kubernetes worker | D6: per VM-hour | G6: https://aws.amazon.com/ec2/pricing/ | H6: Not priced for this quote
A7: AWS | B7: Mumbai | C7: Disk | D7: GB-month | G7: https://aws.amazon.com/ebs/pricing/ | H7: Not priced for this quote
A8: AWS | B8: Mumbai | C8: Storage | D8: GB-month | G8: https://aws.amazon.com/s3/pricing/ | H8: Not priced for this quote
A9: AWS | B9: Mumbai | C9: Egress | D9: per GB | G9: https://aws.amazon.com/ec2/pricing/on-demand/#Data_Transfer | H9: Not priced for this quote
A10: AWS | B10: Mumbai | C10: Build runner | D10: per build minute | G10: https://aws.amazon.com/codebuild/pricing/ | H10: Not priced for this quote
A11: AWS | B11: Mumbai | C11: Managed database | D11: per hour | G11: https://aws.amazon.com/rds/pricing/ | H11: Not priced for this quote
A12: AWS | B12: Mumbai | C12: Monitoring | D12: per GB | G12: https://aws.amazon.com/cloudwatch/pricing/ | H12: Not priced for this quote
A13: Azure | B13: Central India | C13: VM | D13: per hour | E13: 0.055 | F13: =E13*'Assumptions'!$B$15 | G13: https://azure.microsoft.com/pricing/details/virtual-machines/ | H13: 2026-09-03
A14: Azure | B14: Central India | C14: Kubernetes control plane | D14: per cluster-hour | E14: 0.1 | F14: =E14*'Assumptions'!$B$15 | G14: https://azure.microsoft.com/pricing/details/kubernetes-service/ | H14: 2026-09-03
A15: Azure | B15: Central India | C15: Kubernetes worker | D15: per VM-hour | E15: 0.055 | F15: =E15*'Assumptions'!$B$15 | G15: https://azure.microsoft.com/pricing/details/virtual-machines/ | H15: 2026-09-03
A16: Azure | B16: Central India | C16: Disk | D16: GB-month | E16: 0.09 | F16: =E16*'Assumptions'!$B$15 | G16: https://azure.microsoft.com/pricing/details/managed-disks/ | H16: 2026-09-03
A17: Azure | B17: Central India | C17: Storage | D17: GB-month | E17: 0.02 | F17: =E17*'Assumptions'!$B$15 | G17: https://azure.microsoft.com/pricing/details/storage/blobs/ | H17: 2026-09-03
A18: Azure | B18: Central India | C18: Egress | D18: per GB | E18: 0.087 | F18: =E18*'Assumptions'!$B$15 | G18: https://azure.microsoft.com/pricing/details/bandwidth/ | H18: 2026-09-03
A19: Azure | B19: Central India | C19: Build runner | D19: per build minute | E19: 0.008 | F19: =E19*'Assumptions'!$B$15 | G19: https://azure.microsoft.com/pricing/details/devops/azure-devops-services/ | H19: 2026-09-03
A20: Azure | B20: Central India | C20: Managed database | D20: per hour | E20: 0.085 | F20: =E20*'Assumptions'!$B$15 | G20: https://azure.microsoft.com/pricing/details/azure-sql-database/ | H20: 2026-09-03
A21: Azure | B21: Central India | C21: Monitoring | D21: per GB | E21: 0.5 | F21: =E21*'Assumptions'!$B$15 | G21: https://azure.microsoft.com/pricing/details/monitor/ | H21: 2026-09-03
A22: GCP | B22: GCP Mumbai | C22: VM | D22: per hour | G22: https://cloud.google.com/compute/vm-instance-pricing | H22: Not priced for this quote
A23: GCP | B23: GCP Mumbai | C23: Kubernetes control plane | D23: per cluster-hour | G23: https://cloud.google.com/kubernetes-engine/pricing | H23: Not priced for this quote
A24: GCP | B24: GCP Mumbai | C24: Kubernetes worker | D24: per VM-hour | G24: https://cloud.google.com/compute/vm-instance-pricing | H24: Not priced for this quote
A25: GCP | B25: GCP Mumbai | C25: Disk | D25: GB-month | G25: https://cloud.google.com/compute/disks-image-pricing | H25: Not priced for this quote
A26: GCP | B26: GCP Mumbai | C26: Storage | D26: GB-month | G26: https://cloud.google.com/storage/pricing | H26: Not priced for this quote
A27: GCP | B27: GCP Mumbai | C27: Egress | D27: per GB | G27: https://cloud.google.com/vpc/network-pricing | H27: Not priced for this quote
A28: GCP | B28: GCP Mumbai | C28: Build runner | D28: per build minute | G28: https://cloud.google.com/build/pricing | H28: Not priced for this quote
A29: GCP | B29: GCP Mumbai | C29: Managed database | D29: per hour | G29: https://cloud.google.com/sql/pricing | H29: Not priced for this quote
A30: GCP | B30: GCP Mumbai | C30: Monitoring | D30: per GB | G30: https://cloud.google.com/stackdriver/pricing | H30: Not priced for this quote
A31: Azure | B31: Central India | C31: VM Light | D31: per hour | E31: 0.05 | F31: =E31*'Assumptions'!$B$15 | G31: https://example.com/test | H31: 2026-09-21
A32: Azure | B32: Central India | C32: VM Heavy | D32: per hour | E32: 0.2 | F32: =E32*'Assumptions'!$B$15 | G32: https://example.com/test | H32: 2026-09-21

Sheet TOC Mapping
A1: Training TOC → Infrastructure Mapping
A3: Day | B3: Training topic | C3: VM qty | D3: VM profile | E3: K8s control plane | F3: K8s worker nodes | G3: Managed DB | H3: Object storage | I3: Active days
A4: 1 | B4: Linux | C4: 10 | D4: Light | E4: 0 | F4: 0 | G4: 0 | H4: 0 | I4: 1
A5: 2 | B5: Kubernetes | C5: 10 | D5: Heavy | E5: 1 | F5: 2 | G5: 1 | H5: 12 | I5: 2
A6: 3 | B6: Local Docker | C6: 0 | D6: None | E6: 0 | F6: 0 | G6: 0 | H6: 0 | I6: 1
A8: Mapping note
A9: Use this sheet to map every training day to the infrastructure it needs. Resource Cost Breakdown calculates each resource with its own billing unit; do not force a single generic cost formula across VM, storage, egress, build, or Kubernetes. VM Light and Heavy rows are billed separately from the Rate Card; active days prevent multi-day labs from being under-counted.

Sheet Resource Cost Breakdown
A1: Resource Cost Breakdown – Billing-Unit Based
A3: Resource | B3: Quantity | C3: Billing unit | D3: Rate (INR) | E3: Usage driver | F3: Days / Hours | G3: Formula basis | H3: Total (INR) | I3: Provider | J3: Region
A4: VM (profiled) | B4: =SUMPRODUCT('TOC Mapping'!$C$4:$C$6,'TOC Mapping'!$I$4:$I$6) | C4: per hour | D4: =SUMIFS('Rate Card'!$F$4:$F$30,'Rate Card'!$A$4:$A$30,I4,'Rate Card'!$B$4:$B$30,J4,'Rate Card'!$C$4:$C$30,A4) | E4: runtime hours | F4: ='Assumptions'!$B$7 | G4: Light/Heavy VM-days × respective rate × Hours/day | H4: =(SUMPRODUCT('TOC Mapping'!$C$4:$C$6,'TOC Mapping'!$I$4:$I$6,--('TOC Mapping'!$D$4:$D$6="Light"))*'Rate Card'!$F$31+SUMPRODUCT('TOC Mapping'!$C$4:$C$6,'TOC Mapping'!$I$4:$I$6,--('TOC Mapping'!$D$4:$D$6="Heavy"))*'Rate Card'!$F$32)*'Assumptions'!$B$7 | I4: =Assumptions!$B$5 | J4: =Assumptions!$B$6
A5: Kubernetes control plane | B5: =SUMPRODUCT('TOC Mapping'!$E$4:$E$6,'TOC Mapping'!$I$4:$I$6) | C5: per cluster-hour | D5: =SUMIFS('Rate Card'!$F$4:$F$30,'Rate Card'!$A$4:$A$30,I5,'Rate Card'!$B$4:$B$30,J5,'Rate Card'!$C$4:$C$30,A5) | E5: runtime hours | F5: ='Assumptions'!$B$7 | G5: Resource-days × Rate × Hours/day | H5: =B5*D5*F5 | I5: =Assumptions!$B$5 | J5: =Assumptions!$B$6
A6: Kubernetes worker | B6: =SUMPRODUCT('TOC Mapping'!$F$4:$F$6,'TOC Mapping'!$I$4:$I$6) | C6: per VM-hour | D6: =SUMIFS('Rate Card'!$F$4:$F$30,'Rate Card'!$A$4:$A$30,I6,'Rate Card'!$B$4:$B$30,J6,'Rate Card'!$C$4:$C$30,A6) | E6: runtime hours | F6: ='Assumptions'!$B$7 | G6: Resource-days × Rate × Hours/day | H6: =B6*D6*F6 | I6: =Assumptions!$B$5 | J6: =Assumptions!$B$6
A7: Disk | B7: =SUMPRODUCT(('TOC Mapping'!$C$4:$C$6+'TOC Mapping'!$F$4:$F$6),'TOC Mapping'!$I$4:$I$6)*'Assumptions'!$B$20/30 | C7: GB-month | D7: =SUMIFS('Rate Card'!$F$4:$F$30,'Rate Card'!$A$4:$A$30,I7,'Rate Card'!$B$4:$B$30,J7,'Rate Card'!$C$4:$C$30,A7) | E7: prorated days | F7: 1 | G7: GB-node-days × monthly rate / 30 | H7: =B7*D7 | I7: =Assumptions!$B$5 | J7: =Assumptions!$B$6
A8: Storage | B8: =SUMPRODUCT('TOC Mapping'!$H$4:$H$6,'TOC Mapping'!$I$4:$I$6) | C8: GB-month | D8: =SUMIFS('Rate Card'!$F$4:$F$30,'Rate Card'!$A$4:$A$30,I8,'Rate Card'!$B$4:$B$30,J8,'Rate Card'!$C$4:$C$30,A8) | E8: prorated days | F8: 1 | G8: GB-days × monthly rate / 30 | H8: =B8*D8/30 | I8: =Assumptions!$B$5 | J8: =Assumptions!$B$6
A9: Egress | B9: =Assumptions!B11 | C9: per GB | D9: =SUMIFS('Rate Card'!$F$4:$F$30,'Rate Card'!$A$4:$A$30,I9,'Rate Card'!$B$4:$B$30,J9,'Rate Card'!$C$4:$C$30,A9) | E9: one-time | F9: 1 | G9: GB × Rate | H9: =B9*D9 | I9: =Assumptions!$B$5 | J9: =Assumptions!$B$6
A10: Build runner | B10: =Assumptions!B12 | C10: per build minute | D10: =SUMIFS('Rate Card'!$F$4:$F$30,'Rate Card'!$A$4:$A$30,I10,'Rate Card'!$B$4:$B$30,J10,'Rate Card'!$C$4:$C$30,A10) | E10: one-time | F10: 1 | G10: Minutes × Rate | H10: =B10*D10 | I10: =Assumptions!$B$5 | J10: =Assumptions!$B$6
A11: Managed database | B11: =SUMPRODUCT('TOC Mapping'!$G$4:$G$6,'TOC Mapping'!$I$4:$I$6) | C11: per hour | D11: =SUMIFS('Rate Card'!$F$4:$F$30,'Rate Card'!$A$4:$A$30,I11,'Rate Card'!$B$4:$B$30,J11,'Rate Card'!$C$4:$C$30,A11) | E11: runtime hours | F11: ='Assumptions'!$B$7 | G11: Resource-days × Rate × Hours/day | H11: =B11*D11*F11 | I11: =Assumptions!$B$5 | J11: =Assumptions!$B$6
A12: Monitoring | B12: =Assumptions!B13 | C12: per GB | D12: =SUMIFS('Rate Card'!$F$4:$F$30,'Rate Card'!$A$4:$A$30,I12,'Rate Card'!$B$4:$B$30,J12,'Rate Card'!$C$4:$C$30,A12) | E12: one-time | F12: 1 | G12: GB × Rate | H12: =B12*D12 | I12: =Assumptions!$B$5 | J12: =Assumptions!$B$6
A14: Total Infrastructure Cost | H14: =SUM(H4:H12)

Sheet Client Estimate
A1: Client Lab Cost Estimate
A3: CLIENT QUOTE SUMMARY
A4: Training title | B4: =Assumptions!B4
A5: Cloud provider and region | B5: =Assumptions!B5&" – "&Assumptions!B6
A6: Number of participants | B6: =Assumptions!B9
A7: Training days and hours/day | B7: =Assumptions!B8&" days × "&Assumptions!B7&" hours/day"
A8: Infrastructure cost | B8: ='Resource Cost Breakdown'!H14
A9: Support cost | B9: ='Assumptions'!B21*'Assumptions'!B9*'Assumptions'!B8
A10: Contingency | B10: =(B8+B9)*Assumptions!B16
A11: Tax / GST | B11: =(B8+B9+B10)*Assumptions!B17
A12: Final estimated cost | B12: =SUM(B8:B11)*(1+0.3)
A13: Cost per participant | B13: =B12/Assumptions!B9
A14: Quote validity | B14: =Assumptions!B19&" days from quote date"
A16: Estimate notes
A17: Infrastructure is calculated from per-day resource counts, active days, VM profile rates, and storage/node sizing. India GST defaults to 18%. VM profile rate rows marked as template fallback must be replaced with a current provider SKU rate and URL before client approval.
